{"cameraMode":{"drawMode":0,"name":"Shaded","section":"Shading Mode"},"sceneLighting":true,"audioPlay":false,"sceneViewState":{"showFog":true,"showMaterialUpdate":false,"showSkybox":true,"showFlares":true,"showImageEffects":true,"showParticleSystems":true},"in2DMode":false,"pivot":{"x":6.163019180297852,"y":-21.101688385009767,"z":33.71580505371094},"rotation":{"x":0.21420517563819886,"y":-0.03752958029508591,"z":0.008299623616039753,"w":0.9761890769004822},"size":101.42288970947266,"orthographic":false}